日期,收盘,开盘,高,低,交易量,涨跌幅
2019-8-21,"2,924.43","2,922.04","2,928.73","2,917.91",-,0.82%
2019-8-22,"2,922.95","2,930.94","2,939.08","2,904.51",-,-0.05%
2019-8-23,"2,847.11","2,911.07","2,927.01","2,834.97",-,-2.59%
2019-8-26,"2,878.38","2,866.70","2,879.27","2,856.00",-,1.10%
2019-8-27,"2,869.16","2,893.14","2,898.79","2,860.59",-,-0.32%
2019-8-28,"2,887.94","2,861.28","2,890.03","2,853.05",-,0.65%
2019-8-29,"2,924.58","2,910.37","2,930.50","2,905.67",-,1.27%
2019-8-30,"2,926.46","2,937.09","2,940.43","2,913.32",-,0.06%
2019-9-3,"2,906.27","2,909.01","2,914.39","2,891.85",-,-0.69%
2019-9-4,"2,937.78","2,924.67","2,938.84","2,921.86",-,1.08%
2019-9-5,"2,976.00","2,960.60","2,985.86","2,960.60",-,1.30%
2019-9-6,"2,978.71","2,980.33","2,985.03","2,972.51",-,0.09%
2019-9-9,"2,978.43","2,988.43","2,989.43","2,969.39",-,-0.01%
2019-9-10,"2,979.39","2,971.01","2,979.39","2,957.01",-,0.03%
2019-9-11,"3,000.93","2,981.41","3,000.93","2,975.31",-,0.72%
2019-9-12,"3,009.57","3,009.08","3,020.74","3,000.92",-,0.29%
2019-9-13,"3,007.39","3,012.21","3,017.33","3,002.90",-,-0.07%
2019-9-16,"2,997.96","2,996.41","3,002.19","2,990.67",-,-0.31%
2019-9-17,"3,005.70","2,995.67","3,006.21","2,993.73",-,0.26%
2019-9-18,"3,006.73","3,001.50","3,007.83","2,978.57",-,0.03%
2019-9-19,"3,006.79","3,010.36","3,021.99","3,003.16",-,0.00%
2019-9-20,"2,992.07","3,008.42","3,016.37","2,984.68",-,-0.49%
2019-9-23,"2,991.78","2,983.50","2,999.15","2,982.23",-,-0.01%
2019-9-24,"2,966.60","3,002.43","3,007.98","2,957.73",-,-0.84%
2019-9-25,"2,984.87","2,968.35","2,989.82","2,952.86",-,0.62%
2019-9-26,"2,977.62","2,985.73","2,987.28","2,963.71",-,-0.24%
2019-9-27,"2,961.79","2,985.47","2,987.31","2,945.53",-,-0.53%
2019-9-30,"2,976.74","2,967.07","2,983.85","2,967.07",-,0.50%
2019-10-1,"2,940.25","2,983.69","2,992.53","2,938.70",-,-1.23%
2019-10-2,"2,887.61","2,924.78","2,924.78","2,874.93",-,-1.79%
2019-10-3,"2,910.63","2,885.38","2,911.13","2,855.94",-,0.80%
2019-10-4,"2,952.01","2,918.56","2,953.74","2,918.56",-,1.42%
2019-10-7,"2,938.79","2,944.23","2,959.75","2,935.68",-,-0.45%
2019-10-8,"2,893.06","2,920.40","2,925.47","2,892.66",-,-1.56%
2019-10-9,"2,919.40","2,911.10","2,929.32","2,907.41",-,0.91%
2019-10-10,"2,938.13","2,918.55","2,948.46","2,917.12",-,0.64%
2019-10-11,"2,970.27","2,963.07","2,993.28","2,963.07",-,1.09%
2019-10-14,"2,966.15","2,965.81","2,972.84","2,962.94",-,-0.14%
2019-10-15,"2,995.68","2,973.61","3,003.28","2,973.61",-,1.00%
2019-10-16,"2,989.69","2,989.68","2,997.54","2,985.20",-,-0.20%
2019-10-17,"2,997.95","3,000.77","3,008.29","2,991.79",-,0.28%
2019-10-18,"2,986.20","2,996.84","3,000.00","2,976.31",-,-0.39%
2019-10-21,"3,006.72","2,996.48","3,007.33","2,995.35",-,0.69%
2019-10-22,"2,995.99","3,010.73","3,014.57","2,995.04",-,-0.36%
2019-10-23,"3,004.52","2,994.01","3,004.78","2,991.21",-,0.28%
2019-10-24,"3,010.29","3,014.78","3,016.07","3,000.42",-,0.19%
2019-10-25,"3,022.55","3,003.32","3,027.39","3,001.94",-,0.41%
2019-10-28,"3,039.42","3,032.12","3,044.08","3,032.12",-,0.56%
2019-10-29,"3,036.89","3,035.39","3,047.87","3,034.81",-,-0.08%
2019-10-30,"3,046.77","3,039.74","3,050.10","3,025.96",-,0.33%
2019-10-31,"3,037.56","3,046.90","3,046.90","3,023.19",-,-0.30%
2019-11-1,"3,066.91","3,050.72","3,066.95","3,050.72",-,0.97%
2019-11-4,"3,078.27","3,078.96","3,085.20","3,074.87",-,0.37%
2019-11-5,"3,074.62","3,080.80","3,083.95","3,072.15",-,-0.12%
2019-11-6,"3,076.78","3,075.10","3,078.34","3,065.89",-,0.07%
2019-11-7,"3,085.18","3,087.02","3,097.77","3,080.23",-,0.27%
2019-11-8,"3,093.08","3,081.25","3,093.09","3,073.58",-,0.26%
2019-11-11,"3,087.01","3,080.33","3,088.33","3,075.82",-,-0.20%
2019-11-12,"3,091.84","3,089.28","3,102.61","3,084.73",-,0.16%
2019-11-13,"3,094.04","3,084.18","3,098.06","3,078.80",-,0.07%
2019-11-14,"3,096.63","3,090.75","3,098.20","3,083.26",-,0.08%
2019-11-15,"3,120.46","3,107.92","3,120.46","3,104.60",-,0.77%
2019-11-18,"3,122.03","3,117.91","3,124.17","3,112.06",-,0.05%
2019-11-19,"3,120.18","3,127.45","3,127.64","3,113.47",-,-0.06%
2019-11-20,"3,108.46","3,114.66","3,118.97","3,091.41",-,-0.38%
2019-11-21,"3,103.54","3,108.49","3,110.11","3,094.55",-,-0.16%
2019-11-22,"3,110.29","3,111.41","3,112.87","3,099.26",-,0.22%
2019-11-25,"3,133.64","3,117.44","3,133.83","3,117.44",-,0.75%
2019-11-26,"3,140.52","3,134.85","3,142.69","3,131.00",-,0.22%
2019-11-27,"3,153.63","3,145.49","3,154.26","3,143.41",-,0.42%
2019-11-29,"3,140.98","3,147.18","3,150.30","3,139.34",-,-0.40%
2019-12-2,"3,113.87","3,143.85","3,144.31","3,110.78",-,-0.86%
2019-12-3,"3,093.20","3,087.41","3,094.97","3,070.33",-,-0.66%
2019-12-4,"3,112.76","3,103.50","3,119.38","3,102.53",-,0.63%
2019-12-5,"3,117.43","3,119.21","3,119.45","3,103.76",-,0.15%
2019-12-6,"3,145.91","3,134.62","3,150.60","3,134.62",-,0.91%
2019-12-9,"3,135.96","3,141.86","3,148.87","3,135.46",-,-0.32%
2019-12-10,"3,132.52","3,135.36","3,142.12","3,126.09",-,-0.11%
2019-12-11,"3,141.63","3,135.75","3,143.98","3,133.21",-,0.29%
2019-12-12,"3,168.57","3,141.23","3,176.28","3,138.47",-,0.86%
2019-12-13,"3,168.80","3,166.65","3,182.68","3,156.51",-,0.01%
2019-12-16,"3,191.45","3,183.63","3,197.71","3,183.63",-,0.71%
2019-12-17,"3,192.52","3,195.40","3,198.22","3,191.03",-,0.03%
2019-12-18,"3,191.14","3,195.21","3,198.48","3,191.14",-,-0.04%
2019-12-19,"3,205.37","3,192.32","3,205.48","3,192.32",-,0.45%
2019-12-20,"3,221.22","3,223.33","3,225.65","3,216.03",-,0.49%
2019-12-23,"3,224.01","3,226.05","3,227.78","3,222.30",-,0.09%
2019-12-24,"3,223.38","3,225.45","3,226.43","3,220.51",-,-0.02%
2019-12-26,"3,239.91","3,227.20","3,240.08","3,227.20",-,0.51%
2019-12-27,"3,240.02","3,247.23","3,247.93","3,234.37",-,0.00%
2019-12-30,"3,221.29","3,240.09","3,240.92","3,216.57",-,-0.58%
2019-12-31,"3,230.78","3,215.18","3,231.72","3,212.03",-,0.29%
2020-1-2,"3,257.85","3,244.67","3,258.14","3,235.53",-,0.84%
2020-1-3,"3,234.85","3,226.36","3,246.15","3,222.34",-,-0.71%
2020-1-6,"3,246.28","3,217.55","3,246.84","3,214.64",-,0.35%
2020-1-7,"3,237.18","3,241.86","3,244.91","3,232.43",-,-0.28%
2020-1-8,"3,253.05","3,238.59","3,267.07","3,236.67",-,0.49%
2020-1-9,"3,274.70","3,266.03","3,275.58","3,263.67",-,0.67%
2020-1-10,"3,265.35","3,281.81","3,282.99","3,260.86",-,-0.29%
2020-1-13,"3,288.13","3,271.13","3,288.13","3,268.43",-,0.70%
2020-1-14,"3,283.15","3,285.35","3,294.25","3,277.19",-,-0.15%
2020-1-15,"3,289.29","3,282.27","3,298.66","3,280.69",-,0.19%
2020-1-16,"3,316.81","3,302.97","3,317.11","3,302.82",-,0.84%
2020-1-17,"3,329.62","3,323.66","3,329.88","3,318.86",-,0.39%
2020-1-21,"3,320.79","3,321.03","3,329.79","3,316.61",-,-0.27%
2020-1-22,"3,321.75","3,330.02","3,337.77","3,320.04",-,0.03%
2020-1-23,"3,325.54","3,315.77","3,326.88","3,301.87",-,0.11%
2020-1-24,"3,295.47","3,333.10","3,333.18","3,281.53",-,-0.90%
2020-1-27,"3,243.63","3,247.16","3,258.85","3,234.50",-,-1.57%
2020-1-28,"3,276.24","3,255.35","3,285.78","3,253.22",-,1.01%
2020-1-29,"3,273.40","3,289.46","3,293.47","3,271.89",-,-0.09%
2020-1-30,"3,283.66","3,256.45","3,285.91","3,242.80",-,0.31%
2020-1-31,"3,225.52","3,282.33","3,282.33","3,214.68",-,-1.77%
2020-2-3,"3,248.92","3,235.66","3,268.44","3,235.66",-,0.73%
2020-2-4,"3,297.59","3,280.61","3,306.92","3,280.61",-,1.50%
2020-2-5,"3,334.69","3,324.91","3,337.58","3,313.75",-,1.13%
2020-2-6,"3,345.78","3,344.92","3,347.96","3,334.39",-,0.33%
2020-2-7,"3,327.71","3,335.54","3,341.42","3,322.12",-,-0.54%
2020-2-10,"3,352.09","3,318.28","3,352.26","3,317.77",-,0.73%
2020-2-11,"3,357.75","3,365.87","3,375.63","3,352.72",-,0.17%
2020-2-12,"3,379.45","3,370.50","3,381.47","3,369.72",-,0.65%
2020-2-13,"3,373.94","3,365.90","3,385.09","3,360.52",-,-0.16%
2020-2-14,"3,380.16","3,378.08","3,380.69","3,366.15",-,0.18%
2020-2-18,"3,370.29","3,369.04","3,375.01","3,355.61",-,-0.29%
2020-2-19,"3,386.15","3,380.39","3,393.52","3,378.83",-,0.47%
2020-2-20,"3,373.23","3,380.45","3,389.15","3,341.02",-,-0.38%
2020-2-21,"3,337.75","3,360.50","3,360.76","3,328.45",-,-1.05%
2020-2-24,"3,225.89","3,257.61","3,259.81","3,214.65",-,-3.35%
2020-2-25,"3,128.21","3,238.94","3,246.99","3,118.77",-,-3.03%
2020-2-26,"3,116.39","3,139.90","3,182.51","3,108.99",-,-0.38%
2020-2-27,"2,978.76","3,062.54","3,097.07","2,977.39",-,-4.42%
2020-2-28,"2,954.22","2,916.90","2,959.72","2,855.84",-,-0.82%
2020-3-2,"3,090.23","2,974.28","3,090.96","2,945.19",-,4.60%
2020-3-3,"3,003.37","3,096.46","3,136.72","2,976.63",-,-2.81%
2020-3-4,"3,130.12","3,045.75","3,130.97","3,034.38",-,4.22%
2020-3-5,"3,023.94","3,075.70","3,083.04","2,999.83",-,-3.39%
2020-3-6,"2,972.37","2,954.20","2,985.93","2,901.54",-,-1.71%
2020-3-9,"2,746.56","2,863.89","2,863.89","2,734.43",-,-7.60%
2020-3-10,"2,882.23","2,813.48","2,882.59","2,734.00",-,4.94%
2020-3-11,"2,741.38","2,825.60","2,825.60","2,707.22",-,-4.89%
2020-3-12,"2,480.64","2,630.86","2,660.95","2,478.86",-,-9.51%
2020-3-13,"2,711.02","2,569.99","2,711.33","2,492.37",-,9.29%
2020-3-16,"2,386.13","2,508.59","2,562.98","2,380.94",-,-11.98%
2020-3-17,"2,529.19","2,425.66","2,553.93","2,367.04",-,6.00%
2020-3-18,"2,398.10","2,436.50","2,453.57","2,280.52",-,-5.18%
2020-3-19,"2,409.39","2,393.48","2,466.97","2,319.78",-,0.47%
2020-3-20,"2,304.92","2,431.94","2,453.01","2,295.56",-,-4.34%
2020-3-23,"2,237.40","2,290.71","2,300.73","2,191.86",-,-2.93%
2020-3-24,"2,447.33","2,344.44","2,449.71","2,344.44",-,9.38%
2020-3-25,"2,475.56","2,457.77","2,571.42","2,407.53",-,1.15%
2020-3-26,"2,630.07","2,501.29","2,637.01","2,500.72",-,6.24%
2020-3-27,"2,541.47","2,555.87","2,615.91","2,520.02",-,-3.37%
2020-3-30,"2,626.65","2,558.98","2,631.80","2,545.28",-,3.35%
2020-3-31,"2,584.59","2,614.69","2,641.39","2,571.15",-,-1.60%
2020-4-1,"2,470.50","2,498.08","2,522.75","2,447.49",-,-4.41%
2020-4-2,"2,526.90","2,458.54","2,533.22","2,455.79",-,2.28%
2020-4-3,"2,488.65","2,514.92","2,538.18","2,459.96",-,-1.51%
2020-4-6,"2,663.68","2,578.28","2,676.85","2,574.57",-,7.03%
2020-4-7,"2,659.41","2,738.65","2,756.89","2,657.67",-,-0.16%
2020-4-8,"2,749.98","2,685.00","2,760.75","2,663.30",-,3.41%
2020-4-9,"2,789.82","2,776.99","2,818.57","2,762.36",-,1.45%
2020-4-13,"2,761.63","2,782.46","2,782.46","2,721.17",-,-1.01%
2020-4-14,"2,846.06","2,805.10","2,851.85","2,805.10",-,3.06%
2020-4-15,"2,783.36","2,795.64","2,801.88","2,761.54",-,-2.20%
2020-4-16,"2,799.55","2,799.34","2,806.51","2,764.32",-,0.58%
2020-4-17,"2,874.56","2,842.43","2,879.22","2,830.88",-,2.68%
2020-4-20,"2,823.16","2,845.62","2,868.98","2,820.43",-,-1.79%
2020-4-21,"2,736.56","2,784.81","2,785.54","2,727.10",-,-3.07%
2020-4-22,"2,799.31","2,787.89","2,815.10","2,775.95",-,2.29%
2020-4-23,"2,797.80","2,810.42","2,844.90","2,794.26",-,-0.05%
2020-4-24,"2,836.74","2,812.64","2,842.71","2,791.76",-,1.39%
2020-4-27,"2,878.48","2,854.65","2,887.72","2,852.89",-,1.47%
2020-4-28,"2,863.39","2,909.96","2,921.15","2,860.71",-,-0.52%
2020-4-29,"2,939.51","2,918.46","2,954.86","2,912.16",-,2.66%
2020-4-30,"2,912.43","2,930.91","2,930.91","2,892.47",-,-0.92%
2020-5-1,"2,830.71","2,869.09","2,869.09","2,821.61",-,-2.81%
2020-5-4,"2,842.74","2,815.01","2,844.24","2,797.85",-,0.42%
2020-5-5,"2,868.44","2,868.88","2,898.23","2,863.55",-,0.90%
2020-5-6,"2,848.42","2,883.14","2,891.11","2,847.65",-,-0.70%
2020-5-7,"2,881.19","2,878.26","2,901.92","2,876.48",-,1.15%
2020-5-8,"2,929.80","2,908.83","2,932.16","2,902.88",-,1.69%
2020-5-11,"2,930.19","2,915.46","2,944.25","2,903.44",-,0.01%
2020-5-12,"2,870.12","2,939.50","2,945.82","2,869.59",-,-2.05%
2020-5-13,"2,820.00","2,865.86","2,874.14","2,793.15",-,-1.75%
2020-5-14,"2,852.50","2,794.54","2,852.80","2,766.64",-,1.15%
2020-5-15,"2,863.70","2,829.95","2,865.01","2,816.78",-,0.39%
2020-5-18,"2,953.91","2,913.86","2,968.09","2,913.86",-,3.15%
2020-5-19,"2,922.94","2,948.59","2,964.21","2,922.35",-,-1.05%
2020-5-20,"2,971.61","2,953.63","2,980.29","2,953.63",-,1.67%
2020-5-21,"2,948.51","2,969.95","2,978.50","2,938.57",-,-0.78%
2020-5-22,"2,955.45","2,948.05","2,956.76","2,933.59",-,0.24%
2020-5-26,"2,991.77","3,004.08","3,021.72","2,988.17",-,1.23%
2020-5-27,"3,036.13","3,015.65","3,036.25","2,969.75",-,1.48%
2020-5-28,"3,029.73","3,046.61","3,068.67","3,023.40",-,-0.21%
2020-5-29,"3,044.31","3,025.17","3,049.17","2,998.61",-,0.48%
2020-6-1,"3,055.73","3,038.78","3,062.18","3,031.54",-,0.38%
2020-6-2,"3,080.82","3,064.78","3,081.07","3,051.64",-,0.82%
2020-6-3,"3,122.87","3,098.90","3,130.94","3,098.90",-,1.36%
2020-6-4,"3,112.35","3,111.56","3,128.91","3,090.41",-,-0.34%
2020-6-5,"3,193.93","3,163.84","3,211.72","3,163.84",-,2.62%
2020-6-8,"3,232.39","3,199.92","3,233.13","3,196.00",-,1.20%
2020-6-9,"3,207.18","3,213.32","3,222.71","3,193.11",-,-0.78%
2020-6-10,"3,190.14","3,213.42","3,223.27","3,181.49",-,-0.53%
2020-6-11,"3,002.10","3,123.53","3,123.53","2,999.49",-,-5.89%
2020-6-12,"3,041.31","3,071.04","3,088.42","2,984.47",-,1.31%
2020-6-15,"3,066.59","2,993.76","3,079.76","2,965.66",-,0.83%
2020-6-16,"3,124.74","3,131.00","3,153.45","3,076.06",-,1.90%
2020-6-17,"3,113.49","3,136.13","3,141.16","3,108.03",-,-0.36%
2020-6-18,"3,115.34","3,101.64","3,120.00","3,093.51",-,0.06%
2020-6-19,"3,097.74","3,140.29","3,155.53","3,083.11",-,-0.56%
2020-6-22,"3,117.86","3,094.42","3,120.92","3,079.39",-,0.65%
2020-6-23,"3,131.29","3,138.70","3,154.90","3,127.12",-,0.43%
2020-6-24,"3,050.33","3,114.40","3,115.01","3,032.13",-,-2.59%
2020-6-25,"3,083.76","3,046.60","3,086.25","3,024.01",-,1.10%
2020-6-26,"3,009.05","3,073.20","3,073.73","3,004.63",-,-2.42%
2020-6-29,"3,053.24","3,018.59","3,053.89","2,999.74",-,1.47%
2020-6-30,"3,100.29","3,050.20","3,111.51","3,047.83",-,1.54%
2020-7-1,"3,115.86","3,105.92","3,128.44","3,101.17",-,0.50%
2020-7-2,"3,130.01","3,143.64","3,165.81","3,124.52",-,0.45%
2020-7-6,"3,179.72","3,155.29","3,182.59","3,155.29",-,1.59%
2020-7-7,"3,145.32","3,166.44","3,184.15","3,142.93",-,-1.08%
2020-7-8,"3,169.94","3,153.07","3,171.80","3,136.53",-,0.78%
2020-7-9,"3,152.05","3,176.17","3,179.78","3,115.70",-,-0.56%
2020-7-10,"3,185.04","3,152.47","3,186.82","3,136.22",-,1.05%
2020-7-13,"3,155.22","3,205.08","3,235.32","3,149.43",-,-0.94%
2020-7-14,"3,197.52","3,141.11","3,200.95","3,127.66",-,1.34%
2020-7-15,"3,226.56","3,225.98","3,238.28","3,200.76",-,0.91%
2020-7-16,"3,215.57","3,208.36","3,220.39","3,198.59",-,-0.34%
2020-7-17,"3,224.73","3,224.21","3,233.52","3,205.65",-,0.28%
2020-7-20,"3,251.84","3,224.29","3,258.61","3,215.16",-,0.84%
2020-7-21,"3,257.30","3,268.52","3,277.29","3,247.77",-,0.17%
2020-7-22,"3,276.02","3,254.86","3,279.32","3,253.10",-,0.57%
2020-7-23,"3,235.66","3,271.64","3,279.99","3,222.66",-,-1.23%
2020-7-24,"3,215.63","3,218.58","3,227.26","3,200.05",-,-0.62%
2020-7-27,"3,239.41","3,219.84","3,241.43","3,214.25",-,0.74%
2020-7-28,"3,218.44","3,234.27","3,243.72","3,216.17",-,-0.65%
2020-7-29,"3,258.44","3,227.22","3,264.74","3,227.22",-,1.24%
2020-7-30,"3,246.22","3,231.76","3,250.92","3,204.13",-,-0.38%
2020-7-31,"3,271.12","3,270.45","3,272.17","3,220.26",-,0.77%
2020-8-3,"3,294.61","3,288.26","3,302.73","3,284.53",-,0.72%
2020-8-4,"3,306.51","3,289.92","3,306.84","3,286.37",-,0.36%
2020-8-5,"3,327.77","3,317.37","3,330.77","3,317.37",-,0.64%
2020-8-6,"3,349.16","3,323.17","3,351.03","3,318.14",-,0.64%
2020-8-7,"3,351.28","3,340.05","3,352.54","3,328.72",-,0.06%
2020-8-10,"3,360.47","3,356.04","3,363.29","3,335.44",-,0.27%
2020-8-11,"3,333.69","3,370.34","3,381.01","3,326.44",-,-0.80%
2020-8-12,"3,380.35","3,355.46","3,387.89","3,355.46",-,1.40%
2020-8-13,"3,373.43","3,372.95","3,387.24","3,363.35",-,-0.20%
2020-8-14,"3,372.85","3,368.66","3,378.51","3,361.64",-,-0.02%
2020-8-17,"3,381.99","3,380.86","3,387.59","3,379.22",-,0.27%
2020-8-18,"3,389.78","3,387.04","3,395.06","3,370.15",-,0.23%
2020-8-19,"3,374.85","3,392.51","3,399.54","3,369.66",-,-0.44%
2020-8-20,"3,385.51","3,360.48","3,390.80","3,354.69",-,0.32%
2020-8-21,"3,397.16","3,386.01","3,399.96","3,379.31",-,0.34%
2020-8-24,"3,431.28","3,418.09","3,432.09","3,413.13",-,1.00%
2020-8-25,"3,443.62","3,435.95","3,444.21","3,425.84",-,0.36%
2020-8-26,"3,478.73","3,449.97","3,481.07","3,444.15",-,1.02%
2020-8-27,"3,484.55","3,485.14","3,501.38","3,468.35",-,0.17%
2020-8-28,"3,508.01","3,494.69","3,509.23","3,484.32",-,0.67%
2020-8-31,"3,500.31","3,509.73","3,514.77","3,493.25",-,-0.22%
2020-9-1,"3,526.65","3,507.44","3,528.03","3,494.60",-,0.75%
2020-9-2,"3,580.84","3,543.76","3,588.11","3,535.23",-,1.54%
2020-9-3,"3,455.06","3,564.74","3,564.85","3,427.41",-,-3.51%
2020-9-4,"3,426.96","3,453.60","3,479.15","3,349.63",-,-0.81%
2020-9-8,"3,331.84","3,371.88","3,379.97","3,329.27",-,-2.78%
2020-9-9,"3,398.96","3,369.82","3,424.77","3,366.84",-,2.01%
2020-9-10,"3,339.19","3,412.56","3,425.55","3,329.25",-,-1.76%
2020-9-11,"3,340.97","3,352.70","3,368.95","3,310.47",-,0.05%
2020-9-14,"3,383.54","3,363.56","3,402.93","3,363.56",-,1.27%
2020-9-15,"3,401.20","3,407.73","3,419.48","3,389.25",-,0.52%
2020-9-16,"3,385.49","3,411.23","3,428.92","3,384.45",-,-0.46%
2020-9-17,"3,357.01","3,346.86","3,375.17","3,328.82",-,-0.84%
2020-9-18,"3,319.47","3,357.38","3,362.27","3,292.40",-,-1.12%
2020-9-21,"3,281.06","3,285.57","3,285.57","3,229.10",-,-1.16%
2020-9-22,"3,315.57","3,295.75","3,320.31","3,270.95",-,1.05%
2020-9-23,"3,236.92","3,320.11","3,323.35","3,232.57",-,-2.37%
2020-9-24,"3,246.59","3,226.14","3,278.70","3,209.45",-,0.30%
2020-9-25,"3,298.46","3,236.66","3,306.88","3,228.44",-,1.60%
2020-9-28,"3,351.60","3,333.90","3,360.74","3,332.91",-,1.61%
2020-9-29,"3,335.47","3,350.92","3,357.92","3,327.54",-,-0.48%
2020-9-30,"3,363.00","3,341.21","3,393.56","3,340.47",-,0.83%
2020-10-1,"3,380.80","3,385.87","3,397.18","3,361.39",-,0.53%
2020-10-2,"3,348.42","3,338.94","3,369.10","3,323.69",-,-0.96%
2020-10-5,"3,408.60","3,367.27","3,409.57","3,367.27",-,1.80%
2020-10-6,"3,360.97","3,408.74","3,431.56","3,354.54",-,-1.40%
2020-10-7,"3,419.44","3,384.56","3,426.26","3,384.56",-,1.74%
2020-10-8,"3,446.83","3,434.28","3,447.28","3,428.15",-,0.80%
2020-10-9,"3,477.14","3,459.67","3,482.34","3,458.07",-,0.88%
2020-10-12,"3,534.22","3,500.02","3,549.85","3,499.61",-,1.64%
2020-10-13,"3,511.93","3,534.01","3,534.01","3,500.86",-,-0.63%
2020-10-14,"3,488.67","3,515.47","3,527.94","3,480.55",-,-0.66%
2020-10-15,"3,483.34","3,453.72","3,489.08","3,440.89",-,-0.15%
2020-10-16,"3,483.81","3,493.50","3,515.76","3,480.45",-,0.01%
2020-10-19,"3,426.92","3,493.66","3,502.42","3,419.93",-,-1.63%
2020-10-20,"3,443.12","3,439.38","3,476.93","3,435.65",-,0.47%
2020-10-21,"3,435.56","3,439.91","3,464.86","3,433.06",-,-0.22%
2020-10-22,"3,453.49","3,438.50","3,460.53","3,415.34",-,0.52%
2020-10-23,"3,465.39","3,464.90","3,466.46","3,440.45",-,0.34%
2020-10-26,"3,400.97","3,441.42","3,441.42","3,364.86",-,-1.86%
2020-10-27,"3,390.68","3,403.15","3,409.51","3,388.71",-,-0.30%
2020-10-28,"3,271.03","3,342.48","3,342.48","3,268.89",-,-3.53%
2020-10-29,"3,310.11","3,277.17","3,341.05","3,259.82",-,1.19%
2020-10-30,"3,269.96","3,293.59","3,304.93","3,233.94",-,-1.21%
2020-11-2,"3,310.24","3,296.20","3,330.14","3,279.74",-,1.23%
2020-11-3,"3,369.16","3,336.25","3,389.49","3,336.25",-,1.78%
2020-11-4,"3,443.44","3,406.46","3,486.25","3,405.17",-,2.20%
2020-11-5,"3,510.45","3,485.74","3,529.05","3,485.74",-,1.95%
2020-11-6,"3,509.44","3,508.34","3,521.58","3,484.34",-,-0.03%
2020-11-9,"3,550.50","3,583.04","3,645.99","3,547.48",-,1.17%
2020-11-10,"3,545.53","3,543.26","3,557.22","3,511.91",-,-0.14%
2020-11-11,"3,572.66","3,563.22","3,581.16","3,557.00",-,0.77%
2020-11-12,"3,537.01","3,562.67","3,569.02","3,518.58",-,-1.00%
2020-11-13,"3,585.15","3,552.57","3,593.66","3,552.57",-,1.36%
2020-11-16,"3,626.91","3,600.16","3,628.51","3,600.16",-,1.16%
2020-11-17,"3,609.53","3,610.31","3,623.11","3,588.68",-,-0.48%
2020-11-18,"3,567.79","3,612.09","3,619.09","3,567.33",-,-1.16%
2020-11-19,"3,581.87","3,559.41","3,585.22","3,543.84",-,0.39%
2020-11-20,"3,557.54","3,579.31","3,581.23","3,556.85",-,-0.68%
2020-11-23,"3,577.59","3,566.82","3,589.81","3,552.77",-,0.56%
2020-11-24,"3,635.41","3,594.52","3,642.31","3,594.52",-,1.62%
2020-11-25,"3,629.65","3,635.50","3,635.50","3,617.76",-,-0.16%
2020-11-27,"3,638.35","3,638.55","3,644.31","3,629.33",-,0.24%
2020-11-30,"3,621.63","3,634.18","3,634.18","3,594.39",-,-0.46%
2020-12-1,"3,662.45","3,645.87","3,678.45","3,645.87",-,1.13%
2020-12-2,"3,669.01","3,653.78","3,670.96","3,644.84",-,0.18%
2020-12-3,"3,666.72","3,668.28","3,682.73","3,657.17",-,-0.06%
2020-12-4,"3,699.12","3,670.94","3,699.20","3,670.94",-,0.88%
2020-12-7,"3,691.96","3,694.73","3,697.41","3,678.88",-,-0.19%
2020-12-8,"3,702.25","3,683.05","3,708.45","3,678.83",-,0.28%
2020-12-9,"3,672.82","3,705.98","3,712.39","3,660.54",-,-0.79%
2020-12-10,"3,668.10","3,659.13","3,678.49","3,645.18",-,-0.13%
2020-12-11,"3,663.46","3,656.08","3,665.91","3,633.40",-,-0.13%
2020-12-14,"3,647.49","3,675.27","3,697.61","3,645.84",-,-0.44%
2020-12-15,"3,694.62","3,666.41","3,695.29","3,659.62",-,1.29%
2020-12-16,"3,701.17","3,696.25","3,711.27","3,688.57",-,0.18%
2020-12-17,"3,722.48","3,713.65","3,725.12","3,710.87",-,0.58%
2020-12-18,"3,709.41","3,722.39","3,726.70","3,685.84",-,-0.35%
2020-12-21,"3,694.92","3,684.28","3,702.90","3,636.48",-,-0.39%
2020-12-22,"3,687.26","3,698.08","3,698.26","3,676.16",-,-0.21%
2020-12-23,"3,690.01","3,693.42","3,711.24","3,689.28",-,0.07%
2020-12-24,"3,703.06","3,694.03","3,703.82","3,689.32",-,0.35%
2020-12-28,"3,735.36","3,723.03","3,740.51","3,723.03",-,0.87%
2020-12-29,"3,727.04","3,750.01","3,756.12","3,723.31",-,-0.22%
2020-12-30,"3,732.04","3,736.19","3,744.63","3,730.21",-,0.13%
2020-12-31,"3,756.07","3,733.27","3,760.20","3,726.88",-,0.64%
2021-1-4,"3,700.65","3,764.61","3,769.99","3,662.71",-,-1.48%
2021-1-5,"3,726.86","3,698.02","3,737.83","3,695.07",-,0.71%
2021-1-6,"3,748.14","3,712.20","3,783.04","3,705.34",-,0.57%
2021-1-7,"3,803.79","3,764.71","3,811.55","3,764.71",-,1.48%
2021-1-8,"3,824.68","3,815.05","3,826.69","3,783.60",-,0.55%
2021-1-11,"3,799.61","3,803.14","3,817.86","3,789.02",-,-0.66%
2021-1-12,"3,801.19","3,801.62","3,810.78","3,776.51",-,0.04%
2021-1-13,"3,809.84","3,802.23","3,820.96","3,791.50",-,0.23%
2021-1-14,"3,795.54","3,814.98","3,823.60","3,792.86",-,-0.38%
2021-1-15,"3,768.25","3,788.73","3,788.73","3,749.62",-,-0.72%
2021-1-19,"3,798.91","3,781.88","3,804.53","3,780.37",-,0.81%
2021-1-20,"3,851.85","3,816.22","3,859.75","3,816.22",-,1.39%
2021-1-21,"3,853.07","3,857.46","3,861.45","3,845.05",-,0.03%
2021-1-22,"3,841.47","3,844.24","3,852.31","3,830.41",-,-0.30%
2021-1-25,"3,855.36","3,851.68","3,859.23","3,797.16",-,0.36%
2021-1-26,"3,849.62","3,862.96","3,870.90","3,847.78",-,-0.15%
2021-1-27,"3,750.77","3,836.83","3,836.83","3,732.48",-,-2.57%
2021-1-28,"3,787.38","3,755.75","3,830.50","3,755.75",-,0.98%
2021-1-29,"3,714.24","3,778.05","3,778.05","3,694.12",-,-1.93%
2021-2-1,"3,773.86","3,731.17","3,784.32","3,725.62",-,1.61%
2021-2-2,"3,826.31","3,791.84","3,843.09","3,791.84",-,1.39%
2021-2-3,"3,830.17","3,840.27","3,847.51","3,816.68",-,0.10%
2021-2-4,"3,871.74","3,836.66","3,872.42","3,836.66",-,1.09%
2021-2-5,"3,886.83","3,878.30","3,894.56","3,874.93",-,0.39%
2021-2-8,"3,915.59","3,892.59","3,915.77","3,892.59",-,0.74%
2021-2-9,"3,911.23","3,910.49","3,918.35","3,902.64",-,-0.11%
2021-2-10,"3,909.88","3,920.78","3,931.50","3,884.94",-,-0.03%
2021-2-11,"3,916.38","3,916.40","3,925.99","3,890.39",-,0.17%
2021-2-12,"3,934.83","3,911.65","3,937.23","3,905.78",-,0.47%
2021-2-16,"3,932.59","3,939.61","3,950.43","3,923.85",-,-0.06%
2021-2-17,"3,931.33","3,918.50","3,933.61","3,900.43",-,-0.03%
2021-2-18,"3,913.97","3,915.86","3,921.98","3,885.03",-,-0.44%
2021-2-19,"3,906.71","3,921.16","3,930.41","3,903.07",-,-0.19%
2021-2-22,"3,876.50","3,885.55","3,902.92","3,874.71",-,-0.77%
2021-2-23,"3,881.37","3,857.07","3,895.98","3,805.59",-,0.13%
2021-2-24,"3,925.43","3,873.71","3,928.65","3,859.60",-,1.14%
2021-2-25,"3,829.34","3,915.80","3,925.02","3,814.04",-,-2.45%
2021-2-26,"3,811.15","3,839.66","3,861.08","3,789.54",-,-0.48%
2021-3-1,"3,901.82","3,842.51","3,914.50","3,842.51",-,2.38%
2021-3-2,"3,870.29","3,903.64","3,906.41","3,868.57",-,-0.81%
2021-3-3,"3,819.72","3,863.99","3,874.47","3,818.86",-,-1.31%
2021-3-4,"3,768.47","3,818.53","3,843.67","3,723.34",-,-1.34%
2021-3-5,"3,841.94","3,793.58","3,851.69","3,730.19",-,1.95%
2021-3-8,"3,821.35","3,844.39","3,881.06","3,819.25",-,-0.54%
2021-3-9,"3,875.44","3,851.93","3,903.76","3,851.93",-,1.42%
2021-3-10,"3,898.81","3,891.99","3,917.35","3,885.73",-,0.60%
2021-3-11,"3,939.34","3,915.54","3,960.27","3,915.54",-,1.04%
2021-3-12,"3,943.34","3,924.52","3,944.99","3,915.21",-,0.10%
2021-3-15,"3,968.94","3,942.96","3,970.08","3,923.54",-,0.65%
2021-3-16,"3,962.71","3,973.59","3,981.04","3,953.44",-,-0.16%
2021-3-17,"3,974.12","3,949.57","3,983.87","3,935.74",-,0.29%
2021-3-18,"3,915.46","3,953.50","3,969.62","3,910.86",-,-1.48%
2021-3-19,"3,913.10","3,913.14","3,930.12","3,886.75",-,-0.06%
2021-3-22,"3,940.59","3,916.48","3,955.31","3,914.16",-,0.70%
2021-3-23,"3,910.52","3,937.60","3,949.13","3,901.57",-,-0.76%
2021-3-24,"3,889.14","3,919.93","3,942.08","3,889.07",-,-0.55%
2021-3-25,"3,909.52","3,879.34","3,919.54","3,853.50",-,0.52%
2021-3-26,"3,974.54","3,917.12","3,978.19","3,917.12",-,1.66%
2021-3-29,"3,971.09","3,969.31","3,981.83","3,943.25",-,-0.09%
2021-3-30,"3,958.55","3,963.34","3,968.01","3,944.35",-,-0.32%
2021-3-31,"3,972.89","3,967.25","3,994.41","3,966.98",-,0.36%
2021-4-1,"4,019.87","3,992.78","4,020.63","3,992.78",-,1.18%
2021-4-5,"4,077.91","4,034.44","4,083.42","4,034.44",-,1.44%
2021-4-6,"4,073.94","4,075.57","4,086.23","4,068.14",-,-0.10%
2021-4-7,"4,079.95","4,074.29","4,083.13","4,068.31",-,0.15%
2021-4-8,"4,097.17","4,089.95","4,098.19","4,082.54",-,0.42%
2021-4-9,"4,128.80","4,096.11","4,129.48","4,095.51",-,0.77%
2021-4-12,"4,127.99","4,124.71","4,131.76","4,114.82",-,-0.02%
2021-4-13,"4,141.59","4,130.10","4,148.00","4,124.43",-,0.33%
2021-4-14,"4,124.66","4,141.58","4,151.69","4,120.87",-,-0.41%
2021-4-15,"4,170.42","4,139.76","4,173.49","4,139.76",-,1.11%
2021-4-16,"4,185.47","4,174.14","4,191.31","4,170.75",-,0.36%
2021-4-19,"4,163.26","4,179.80","4,180.81","4,150.47",-,-0.53%
2021-4-20,"4,134.94","4,159.18","4,159.18","4,118.38",-,-0.68%
2021-4-21,"4,173.42","4,128.42","4,175.02","4,126.35",-,0.93%
2021-4-22,"4,134.98","4,170.46","4,179.57","4,123.69",-,-0.92%
2021-4-23,"4,180.17","4,138.78","4,194.17","4,138.78",-,1.09%
2021-4-26,"4,187.62","4,185.03","4,194.19","4,182.36",-,0.18%
2021-4-27,"4,186.72","4,188.25","4,193.35","4,176.22",-,-0.02%
2021-4-28,"4,183.18","4,185.14","4,201.53","4,181.78",-,-0.08%
2021-4-29,"4,211.47","4,206.14","4,218.78","4,176.81",-,0.68%
2021-4-30,"4,181.17","4,198.10","4,198.10","4,174.85",-,-0.72%
2021-5-3,"4,192.66","4,191.98","4,209.39","4,188.03",-,0.27%
2021-5-4,"4,164.66","4,179.04","4,179.04","4,128.59",-,-0.67%
2021-5-5,"4,167.59","4,177.06","4,187.72","4,160.94",-,0.07%
2021-5-6,"4,201.62","4,169.14","4,202.70","4,147.33",-,0.82%
2021-5-7,"4,232.60","4,210.34","4,238.04","4,201.64",-,0.74%
2021-5-10,"4,188.43","4,228.29","4,236.39","4,188.13",-,-1.04%
2021-5-11,"4,152.10","4,150.34","4,162.04","4,111.53",-,-0.87%
2021-5-12,"4,063.04","4,130.55","4,134.73","4,056.88",-,-2.14%
2021-5-13,"4,112.50","4,074.99","4,131.58","4,074.99",-,1.22%
2021-5-14,"4,173.85","4,129.58","4,183.13","4,129.58",-,1.49%
2021-5-17,"4,163.29","4,169.92","4,171.92","4,142.69",-,-0.25%
2021-5-18,"4,127.83","4,165.94","4,169.15","4,125.99",-,-0.85%
2021-5-19,"4,115.68","4,098.45","4,116.93","4,061.41",-,-0.29%
2021-5-20,"4,159.12","4,121.97","4,172.80","4,121.97",-,1.06%
2021-5-21,"4,155.86","4,168.61","4,188.72","4,151.72",-,-0.08%
2021-5-24,"4,197.05","4,170.16","4,209.52","4,170.16",-,0.99%
2021-5-25,"4,188.13","4,205.94","4,213.42","4,182.52",-,-0.21%
2021-5-26,"4,195.99","4,191.59","4,202.61","4,184.11",-,0.19%
2021-5-27,"4,200.88","4,201.94","4,213.38","4,197.78",-,0.12%
2021-5-28,"4,204.11","4,210.77","4,218.36","4,203.57",-,0.08%
2021-6-1,"4,202.04","4,216.52","4,234.12","4,197.59",-,-0.05%
2021-6-2,"4,208.12","4,206.82","4,217.37","4,198.27",-,0.14%
2021-6-3,"4,192.85","4,191.43","4,204.39","4,167.93",-,-0.36%
2021-6-4,"4,229.89","4,206.05","4,233.45","4,206.05",-,0.88%
2021-6-7,"4,226.52","4,229.34","4,232.34","4,215.66",-,-0.08%
2021-6-8,"4,227.26","4,233.81","4,236.74","4,208.41",-,0.02%
2021-6-9,"4,219.55","4,232.99","4,237.09","4,218.74",-,-0.18%
2021-6-10,"4,239.18","4,228.56","4,249.74","4,220.34",-,0.47%
2021-6-11,"4,247.44","4,242.90","4,248.38","4,232.25",-,0.19%
2021-6-14,"4,255.15","4,248.31","4,255.59","4,234.07",-,0.18%
2021-6-15,"4,246.59","4,255.28","4,257.16","4,238.35",-,-0.20%
2021-6-16,"4,223.70","4,248.87","4,251.89","4,202.45",-,-0.54%
2021-6-17,"4,221.86","4,220.37","4,232.29","4,196.05",-,-0.04%
2021-6-18,"4,166.45","4,204.78","4,204.78","4,164.40",-,-1.31%
2021-6-21,"4,224.79","4,173.40","4,226.24","4,173.40",-,1.40%
2021-6-22,"4,246.44","4,224.61","4,255.84","4,217.27",-,0.51%
2021-6-23,"4,241.84","4,249.27","4,256.60","4,241.43",-,-0.11%
2021-6-24,"4,266.49","4,256.97","4,271.28","4,256.97",-,0.58%
2021-6-25,"4,280.70","4,274.45","4,286.12","4,271.16",-,0.33%
2021-6-28,"4,290.61","4,284.90","4,292.14","4,274.67",-,0.23%
2021-6-29,"4,291.80","4,293.21","4,300.52","4,287.04",-,0.03%
2021-6-30,"4,297.50","4,290.65","4,302.43","4,287.96",-,0.13%
2021-7-1,"4,319.94","4,300.73","4,320.66","4,300.73",-,0.52%
2021-7-2,"4,352.34","4,326.60","4,355.43","4,326.60",-,0.75%
2021-7-6,"4,343.54","4,356.46","4,356.46","4,314.37",-,-0.20%
2021-7-7,"4,358.13","4,351.01","4,361.88","4,329.79",-,0.34%
2021-7-8,"4,320.82","4,321.07","4,330.88","4,289.37",-,-0.86%
2021-7-9,"4,369.55","4,329.38","4,371.60","4,329.38",-,1.13%
2021-7-12,"4,384.63","4,372.41","4,386.68","4,364.03",-,0.35%
2021-7-13,"4,369.21","4,381.07","4,392.37","4,366.92",-,-0.35%
2021-7-14,"4,374.30","4,380.11","4,393.68","4,362.36",-,0.12%
2021-7-15,"4,360.03","4,369.02","4,369.02","4,340.70",-,-0.33%
2021-7-16,"4,327.16","4,367.43","4,375.09","4,322.53",-,-0.75%
2021-7-19,"4,258.49","4,296.40","4,296.40","4,233.13",-,-1.59%
2021-7-20,"4,323.06","4,265.11","4,336.84","4,262.05",-,1.52%
2021-7-21,"4,358.69","4,331.13","4,359.70","4,331.13",-,0.82%
2021-7-22,"4,367.48","4,361.27","4,369.87","4,350.06",-,0.20%
2021-7-23,"4,411.79","4,381.20","4,415.18","4,381.20",-,1.01%
2021-7-26,"4,422.30","4,409.58","4,422.73","4,405.45",-,0.24%
2021-7-27,"4,401.46","4,416.38","4,416.38","4,372.51",-,-0.47%
2021-7-28,"4,400.64","4,402.95","4,415.47","4,387.01",-,-0.02%
2021-7-29,"4,419.15","4,403.59","4,429.97","4,403.59",-,0.42%
2021-7-30,"4,395.26","4,395.12","4,412.25","4,389.65",-,-0.54%
2021-8-2,"4,387.16","4,406.86","4,422.18","4,384.81",-,-0.18%
2021-8-3,"4,423.15","4,392.74","4,423.79","4,373.00",-,0.82%
2021-8-4,"4,402.66","4,415.95","4,416.17","4,400.23",-,-0.46%
2021-8-5,"4,429.10","4,408.86","4,429.76","4,408.86",-,0.60%
2021-8-6,"4,436.52","4,429.07","4,440.82","4,429.07",-,0.17%
2021-8-9,"4,432.35","4,437.77","4,439.39","4,424.74",-,-0.09%
2021-8-10,"4,436.75","4,435.79","4,445.21","4,430.03",-,0.10%
2021-8-11,"4,442.41","4,442.18","4,449.44","4,436.42",-,0.13%
2021-8-12,"4,460.83","4,446.08","4,461.77","4,435.96",-,0.41%
2021-8-13,"4,468.00","4,464.84","4,468.37","4,460.82",-,0.16%
2021-8-16,"4,479.71","4,461.65","4,480.26","4,437.66",-,0.26%
2021-8-17,"4,448.08","4,462.12","4,462.12","4,417.83",-,-0.71%
2021-8-18,"4,400.27","4,440.94","4,454.32","4,397.59",-,-1.07%
2021-8-19,"4,405.80","4,382.44","4,418.61","4,367.73",-,0.13%
2021-8-20,"4,441.67","4,410.56","4,444.35","4,406.80",-,0.81%
2021-8-23,"4,479.53","4,450.29","4,489.88","4,450.29",-,0.85%
2021-8-24,"4,486.23","4,484.40","4,492.81","4,482.28",-,0.15%
2021-8-25,"4,496.19","4,490.45","4,501.71","4,485.66",-,0.22%
2021-8-26,"4,470.00","4,493.75","4,495.90","4,468.99",-,-0.58%
2021-8-27,"4,509.37","4,474.10","4,513.33","4,474.10",-,0.88%
2021-8-30,"4,528.79","4,513.76","4,537.36","4,513.76",-,0.43%
2021-8-31,"4,522.68","4,529.75","4,531.39","4,515.80",-,-0.13%
2021-9-1,"4,524.09","4,528.80","4,537.11","4,522.02",-,0.03%
2021-9-2,"4,536.95","4,534.48","4,545.85","4,524.66",-,0.28%
2021-9-3,"4,535.43","4,532.42","4,541.45","4,521.30",-,-0.03%
2021-9-7,"4,520.03","4,535.38","4,535.38","4,513.00",-,-0.34%
2021-9-8,"4,514.07","4,518.09","4,521.79","4,493.95",-,-0.13%
2021-9-9,"4,493.28","4,513.02","4,529.90","4,492.07",-,-0.46%
2021-9-10,"4,458.58","4,506.92","4,520.47","4,457.66",-,-0.77%
2021-9-13,"4,468.73","4,474.81","4,492.99","4,445.70",-,0.23%
2021-9-14,"4,443.05","4,479.33","4,485.68","4,435.46",-,-0.57%
2021-9-15,"4,480.70","4,447.49","4,486.87","4,438.37",-,0.85%
2021-9-16,"4,473.75","4,477.09","4,485.87","4,443.80",-,-0.16%
2021-9-17,"4,432.99","4,469.74","4,471.52","4,427.76",-,-0.91%
2021-9-20,"4,357.73","4,402.95","4,402.95","4,305.91",-,-1.70%
2021-9-21,"4,354.19","4,374.45","4,394.87","4,347.96",-,-0.08%
2021-9-22,"4,395.64","4,367.43","4,416.75","4,367.43",-,0.95%
2021-9-23,"4,448.98","4,406.75","4,465.40","4,406.75",-,1.21%
2021-9-24,"4,455.48","4,438.04","4,463.12","4,430.27",-,0.15%
2021-9-27,"4,443.11","4,442.12","4,457.30","4,436.19",-,-0.28%
2021-9-28,"4,352.63","4,419.54","4,419.54","4,346.33",-,-2.04%
2021-9-29,"4,359.46","4,362.41","4,385.57","4,355.08",-,0.16%
2021-9-30,"4,307.54","4,370.67","4,382.55","4,306.24",-,-1.19%
2021-10-1,"4,357.04","4,317.16","4,375.19","4,288.52",-,1.15%
2021-10-4,"4,300.46","4,348.84","4,355.51","4,278.94",-,-1.30%
2021-10-5,"4,345.72","4,309.87","4,369.23","4,309.87",-,1.05%
2021-10-6,"4,363.55","4,319.57","4,365.57","4,290.49",-,0.41%
2021-10-7,"4,399.76","4,383.73","4,429.97","4,383.73",-,0.83%
2021-10-8,"4,391.34","4,406.51","4,412.02","4,386.22",-,-0.19%
2021-10-11,"4,361.19","4,385.44","4,415.88","4,360.59",-,-0.69%
2021-10-12,"4,350.65","4,368.31","4,374.89","4,342.09",-,-0.24%
2021-10-13,"4,363.80","4,358.01","4,372.87","4,329.92",-,0.30%
2021-10-14,"4,438.26","4,386.75","4,439.73","4,386.75",-,1.71%
2021-10-15,"4,471.37","4,447.69","4,475.82","4,447.69",-,0.75%
2021-10-18,"4,486.46","4,463.72","4,488.75","4,447.47",-,0.34%
2021-10-19,"4,519.63","4,497.34","4,520.40","4,496.41",-,0.74%
2021-10-20,"4,536.19","4,524.42","4,540.87","4,524.40",-,0.37%
2021-10-21,"4,549.78","4,532.24","4,551.44","4,526.89",-,0.30%
2021-10-22,"4,544.90","4,546.12","4,559.67","4,524.00",-,-0.11%
2021-10-25,"4,566.48","4,553.69","4,572.62","4,537.36",-,0.47%
2021-10-26,"4,574.79","4,578.69","4,598.53","4,569.17",-,0.18%
2021-10-27,"4,551.68","4,580.22","4,584.57","4,551.66",-,-0.51%
2021-10-28,"4,596.42","4,562.84","4,597.55","4,562.84",-,0.98%
2021-10-29,"4,605.38","4,572.87","4,608.08","4,567.59",-,0.19%
2021-11-1,"4,613.67","4,610.62","4,620.34","4,595.06",-,0.18%
2021-11-2,"4,630.65","4,613.34","4,635.15","4,613.34",-,0.37%
2021-11-3,"4,660.57","4,630.65","4,663.46","4,621.19",-,0.65%
2021-11-4,"4,680.06","4,662.93","4,683.00","4,662.59",-,0.42%
2021-11-5,"4,697.53","4,699.26","4,718.50","4,681.32",-,0.37%
2021-11-8,"4,701.70","4,701.48","4,714.92","4,694.39",-,0.09%
2021-11-9,"4,685.25","4,707.25","4,708.53","4,670.87",-,-0.35%
2021-11-10,"4,646.71","4,670.26","4,684.85","4,630.86",-,-0.82%
2021-11-11,"4,649.27","4,659.39","4,664.55","4,648.31",-,0.06%
2021-11-12,"4,682.85","4,655.24","4,688.47","4,650.77",-,0.72%
2021-11-15,"4,682.80","4,689.30","4,697.42","4,672.86",-,-0.00%
2021-11-16,"4,700.90","4,679.42","4,714.95","4,679.42",-,0.39%
2021-11-17,"4,688.67","4,701.50","4,701.50","4,684.41",-,-0.26%
2021-11-18,"4,704.54","4,700.72","4,708.80","4,672.78",-,0.34%
2021-11-19,"4,697.96","4,708.44","4,717.75","4,694.22",-,-0.14%
2021-11-22,"4,682.94","4,712.00","4,743.83","4,682.17",-,-0.32%
2021-11-23,"4,690.70","4,678.48","4,699.39","4,652.66",-,0.17%
2021-11-24,"4,701.46","4,675.78","4,702.87","4,659.89",-,0.23%
2021-11-26,"4,594.62","4,664.63","4,664.63","4,585.43",-,-2.27%
2021-11-29,"4,655.27","4,628.75","4,672.95","4,625.26",-,1.32%
2021-11-30,"4,567.00","4,640.25","4,646.02","4,560.00",-,-1.90%
2021-12-1,"4,513.04","4,602.82","4,652.94","4,510.27",-,-1.18%
2021-12-2,"4,577.10","4,504.73","4,595.46","4,504.73",-,1.42%
2021-12-3,"4,538.43","4,589.49","4,608.03","4,495.12",-,-0.84%
2021-12-6,"4,591.67","4,548.37","4,612.60","4,540.51",-,1.17%
2021-12-7,"4,686.75","4,631.97","4,694.04","4,631.97",-,2.07%
2021-12-8,"4,701.21","4,690.86","4,705.06","4,674.52",-,0.31%
2021-12-9,"4,667.45","4,691.00","4,695.26","4,665.98",-,-0.72%
2021-12-10,"4,712.02","4,687.64","4,713.57","4,670.24",-,0.95%
2021-12-13,"4,668.97","4,710.30","4,710.30","4,667.60",-,-0.91%
2021-12-14,"4,634.09","4,642.99","4,660.47","4,606.52",-,-0.75%
2021-12-15,"4,709.85","4,636.46","4,712.60","4,611.22",-,1.63%
2021-12-16,"4,668.67","4,719.13","4,731.99","4,651.89",-,-0.87%
2021-12-17,"4,620.64","4,652.50","4,666.70","4,600.22",-,-1.03%
2021-12-20,"4,568.02","4,587.90","4,587.90","4,531.10",-,-1.14%
2021-12-21,"4,649.23","4,594.96","4,651.14","4,583.16",-,1.78%
2021-12-22,"4,696.56","4,650.36","4,697.67","4,645.53",-,1.02%
2021-12-23,"4,725.79","4,703.96","4,740.74","4,703.96",-,0.62%
2021-12-27,"4,791.19","4,733.99","4,791.49","4,733.99",-,1.38%
2021-12-28,"4,786.35","4,795.49","4,807.02","4,780.04",-,-0.10%
2021-12-29,"4,793.06","4,788.64","4,804.06","4,778.08",-,0.14%
2021-12-30,"4,778.73","4,794.23","4,808.93","4,775.33",-,-0.30%
2021-12-31,"4,766.18","4,775.21","4,786.83","4,765.75",-,-0.26%
2022-1-3,"4,796.56","4,778.14","4,796.64","4,758.17",-,0.64%
2022-1-4,"4,793.54","4,804.51","4,818.62","4,774.27",-,-0.06%
2022-1-5,"4,700.58","4,787.99","4,797.70","4,699.44",-,-1.94%
2022-1-6,"4,696.05","4,693.39","4,725.01","4,671.26",-,-0.10%
2022-1-7,"4,677.03","4,697.66","4,707.95","4,662.74",-,-0.41%
2022-1-10,"4,670.29","4,655.34","4,673.02","4,582.24",-,-0.14%
2022-1-11,"4,713.07","4,669.14","4,714.13","4,638.27",-,0.92%
2022-1-12,"4,726.35","4,728.59","4,748.83","4,706.71",-,0.28%
2022-1-13,"4,659.03","4,733.56","4,744.13","4,650.29",-,-1.42%
2022-1-14,"4,662.85","4,637.99","4,665.13","4,614.75",-,0.08%
2022-1-18,"4,577.11","4,632.24","4,632.24","4,568.70",-,-1.84%
2022-1-19,"4,532.76","4,588.03","4,611.55","4,530.20",-,-0.97%
2022-1-20,"4,482.73","4,547.35","4,602.11","4,477.95",-,-1.10%
2022-1-21,"4,397.94","4,471.38","4,494.52","4,395.34",-,-1.89%
2022-1-24,"4,410.13","4,356.32","4,417.35","4,222.62",-,0.28%
2022-1-25,"4,356.45","4,366.64","4,411.01","4,287.11",-,-1.22%
2022-1-26,"4,349.93","4,408.43","4,453.23","4,304.80",-,-0.15%
2022-1-27,"4,326.51","4,380.58","4,428.74","4,309.50",-,-0.54%
2022-1-28,"4,431.85","4,336.19","4,432.72","4,292.46",-,2.43%
2022-1-31,"4,515.55","4,431.79","4,516.89","4,414.02",-,1.89%
2022-2-1,"4,546.54","4,519.57","4,550.49","4,483.53",-,0.69%
2022-2-2,"4,589.38","4,566.39","4,595.31","4,544.32",-,0.94%
2022-2-3,"4,477.44","4,535.41","4,542.88","4,470.39",-,-2.44%
2022-2-4,"4,500.53","4,482.79","4,539.66","4,451.50",-,0.52%
2022-2-7,"4,483.87","4,505.75","4,521.86","4,471.47",-,-0.37%
2022-2-8,"4,521.54","4,480.02","4,531.32","4,465.40",-,0.84%
2022-2-9,"4,587.18","4,547.00","4,590.03","4,547.00",-,1.45%
2022-2-10,"4,504.08","4,553.24","4,588.92","4,484.31",-,-1.81%
2022-2-11,"4,418.64","4,506.27","4,526.33","4,401.41",-,-1.90%
2022-2-14,"4,401.67","4,412.61","4,426.22","4,364.84",-,-0.38%
2022-2-15,"4,471.07","4,429.28","4,472.77","4,429.28",-,1.58%
2022-2-16,"4,475.01","4,455.75","4,489.55","4,429.68",-,0.09%
2022-2-17,"4,380.26","4,456.06","4,456.06","4,373.81",-,-2.12%
2022-2-18,"4,348.87","4,384.57","4,394.60","4,327.22",-,-0.72%
2022-2-22,"4,304.76","4,332.74","4,362.12","4,267.11",-,-1.01%
2022-2-23,"4,225.50","4,324.93","4,341.51","4,221.51",-,-1.84%
2022-2-24,"4,288.70","4,155.77","4,294.73","4,114.65",-,1.50%
2022-2-25,"4,384.65","4,298.38","4,385.34","4,286.83",-,2.24%
2022-2-28,"4,373.94","4,354.17","4,388.84","4,315.12",-,-0.24%
2022-3-1,"4,306.26","4,363.14","4,378.45","4,279.54",-,-1.55%
2022-3-2,"4,386.54","4,322.56","4,401.48","4,322.56",-,1.86%
2022-3-3,"4,363.49","4,401.31","4,416.78","4,345.56",-,-0.53%
2022-3-4,"4,328.87","4,342.12","4,342.12","4,284.98",-,-0.79%
2022-3-7,"4,201.09","4,327.01","4,327.01","4,199.85",-,-2.95%
2022-3-8,"4,170.70","4,202.66","4,276.94","4,157.87",-,-0.72%
2022-3-9,"4,277.88","4,223.10","4,299.40","4,223.10",-,2.57%
2022-3-10,"4,259.52","4,252.55","4,268.28","4,209.80",-,-0.43%
2022-3-11,"4,204.31","4,279.50","4,291.01","4,200.49",-,-1.30%
2022-3-14,"4,173.11","4,202.75","4,247.57","4,161.72",-,-0.74%
2022-3-15,"4,262.45","4,188.82","4,271.05","4,187.90",-,2.14%
2022-3-16,"4,357.86","4,288.14","4,358.90","4,251.99",-,2.24%
2022-3-17,"4,411.67","4,345.11","4,412.67","4,335.65",-,1.23%
2022-3-18,"4,463.12","4,407.34","4,465.40","4,390.57",-,1.17%
2022-3-21,"4,461.18","4,462.40","4,481.75","4,424.30",-,-0.04%
2022-3-22,"4,511.61","4,469.10","4,522.00","4,469.10",-,1.13%
2022-3-23,"4,456.24","4,493.10","4,501.07","4,455.81",-,-1.23%
2022-3-24,"4,520.16","4,469.98","4,520.58","4,465.17",-,1.43%
2022-3-25,"4,543.06","4,522.91","4,546.03","4,501.07",-,0.51%
2022-3-28,"4,575.52","4,541.09","4,575.65","4,517.69",-,0.71%
2022-3-29,"4,631.60","4,602.86","4,637.30","4,589.66",-,1.23%
2022-3-30,"4,602.45","4,624.20","4,627.77","4,581.32",-,-0.63%
2022-3-31,"4,530.41","4,599.02","4,603.07","4,530.41",-,-1.57%
2022-4-1,"4,545.86","4,540.32","4,548.70","4,507.57",-,0.34%
2022-4-4,"4,582.64","4,547.97","4,583.50","4,539.21",-,0.81%
2022-4-5,"4,525.12","4,572.45","4,593.45","4,514.17",-,-1.26%
2022-4-6,"4,481.15","4,494.17","4,503.94","4,450.04",-,-0.97%
2022-4-7,"4,500.21","4,474.65","4,521.16","4,450.30",-,0.43%
2022-4-8,"4,488.28","4,494.15","4,520.41","4,474.60",-,-0.27%
2022-4-11,"4,412.53","4,462.64","4,464.35","4,408.38",-,-1.69%
2022-4-12,"4,397.45","4,437.59","4,471.00","4,381.34",-,-0.34%
2022-4-13,"4,446.59","4,394.30","4,453.92","4,392.70",-,1.12%
2022-4-14,"4,392.59","4,449.12","4,460.46","4,390.77",-,-1.21%
2022-4-18,"4,391.69","4,385.63","4,410.31","4,370.30",-,-0.02%
2022-4-19,"4,462.21","4,390.63","4,471.03","4,390.63",-,1.61%
2022-4-20,"4,459.45","4,472.26","4,488.29","4,448.76",-,-0.06%
2022-4-21,"4,393.66","4,489.17","4,512.94","4,384.47",-,-1.48%
2022-4-22,"4,271.78","4,385.83","4,385.83","4,267.62",-,-2.77%
2022-4-25,"4,296.12","4,255.34","4,299.02","4,200.82",-,0.57%
2022-4-26,"4,175.20","4,278.14","4,278.14","4,175.04",-,-2.81%
2022-4-27,"4,183.96","4,186.52","4,240.71","4,162.90",-,0.21%
2022-4-28,"4,287.50","4,222.58","4,308.45","4,188.63",-,2.47%
2022-4-29,"4,131.93","4,253.75","4,269.68","4,124.28",-,-3.63%
2022-5-2,"4,155.38","4,130.61","4,169.81","4,062.51",-,0.57%
2022-5-3,"4,175.48","4,159.78","4,200.10","4,147.08",-,0.48%
2022-5-4,"4,300.17","4,181.18","4,307.66","4,148.91",-,2.99%
2022-5-5,"4,146.87","4,270.43","4,270.43","4,106.01",-,-3.56%
2022-5-6,"4,123.34","4,128.17","4,157.69","4,067.91",-,-0.57%
2022-5-9,"3,991.24","4,081.27","4,081.27","3,975.48",-,-3.20%
2022-5-10,"4,001.05","4,035.18","4,068.82","3,958.17",-,0.25%
2022-5-11,"3,935.18","3,990.08","4,049.09","3,928.82",-,-1.65%
2022-5-12,"3,930.08","3,903.95","3,964.80","3,858.87",-,-0.13%
2022-5-13,"4,023.89","3,963.90","4,038.88","3,963.90",-,2.39%
2022-5-16,"4,008.01","4,013.02","4,046.46","3,983.99",-,-0.39%
2022-5-17,"4,088.85","4,052.00","4,090.72","4,033.93",-,2.02%
2022-5-18,"3,923.68","4,051.98","4,051.98","3,911.91",-,-4.04%
2022-5-19,"3,900.79","3,899.00","3,945.96","3,876.58",-,-0.58%
2022-5-20,"3,901.36","3,927.76","3,943.42","3,810.32",-,0.01%
2022-5-23,"3,973.75","3,919.42","3,981.88","3,909.04",-,1.86%
2022-5-24,"3,941.48","3,942.94","3,955.68","3,875.13",-,-0.81%
2022-5-25,"3,978.73","3,929.59","3,999.33","3,925.03",-,0.95%
2022-5-26,"4,057.84","3,984.60","4,075.14","3,984.60",-,1.99%
2022-5-27,"4,158.24","4,077.43","4,158.49","4,077.43",-,2.47%
2022-5-31,"4,132.15","4,151.09","4,168.34","4,104.88",-,-0.63%
2022-6-1,"4,101.23","4,149.78","4,166.54","4,073.85",-,-0.75%
2022-6-2,"4,176.82","4,095.41","4,177.51","4,074.37",-,1.84%
2022-6-3,"4,108.54","4,137.57","4,142.67","4,098.67",-,-1.63%
2022-6-6,"4,121.43","4,134.72","4,168.78","4,109.18",-,0.31%
2022-6-7,"4,160.68","4,096.47","4,164.86","4,080.19",-,0.95%
2022-6-8,"4,115.77","4,147.12","4,160.14","4,107.20",-,-1.08%
2022-6-9,"4,017.82","4,101.65","4,119.10","4,017.17",-,-2.38%
2022-6-10,"3,900.86","3,974.39","3,974.39","3,900.16",-,-2.91%
2022-6-13,"3,749.63","3,838.15","3,838.15","3,734.30",-,-3.88%
2022-6-14,"3,735.48","3,763.52","3,778.18","3,705.68",-,-0.38%
2022-6-15,"3,789.99","3,764.05","3,837.56","3,722.30",-,1.46%
2022-6-16,"3,666.77","3,728.18","3,728.18","3,639.77",-,-3.25%
2022-6-17,"3,674.84","3,665.90","3,707.71","3,636.87",-,0.22%
2022-6-21,"3,764.79","3,715.31","3,779.65","3,715.31",-,2.45%
2022-6-22,"3,759.89","3,733.89","3,801.79","3,717.69",-,-0.13%
2022-6-23,"3,795.73","3,774.71","3,802.58","3,743.52",-,0.95%
2022-6-24,"3,911.74","3,821.75","3,913.65","3,821.75",-,3.06%
2022-6-27,"3,900.11","3,920.76","3,927.72","3,889.66",-,-0.30%
2022-6-28,"3,821.55","3,913.00","3,945.86","3,820.14",-,-2.01%
2022-6-29,"3,818.83","3,825.09","3,836.50","3,799.02",-,-0.07%
2022-6-30,"3,785.38","3,785.99","3,818.99","3,738.67",-,-0.88%
2022-7-1,"3,825.33","3,781.00","3,829.82","3,752.10",-,1.06%
2022-7-5,"3,831.39","3,792.61","3,832.19","3,742.06",-,0.16%
2022-7-6,"3,845.08","3,831.98","3,870.91","3,809.37",-,0.36%
2022-7-7,"3,902.62","3,858.85","3,910.63","3,858.85",-,1.50%
2022-7-8,"3,899.38","3,888.26","3,918.50","3,869.34",-,-0.08%
2022-7-11,"3,854.43","3,880.94","3,880.94","3,847.22",-,-1.15%
2022-7-12,"3,818.80","3,851.95","3,873.41","3,802.36",-,-0.92%
2022-7-13,"3,801.78","3,779.67","3,829.44","3,759.07",-,-0.45%
2022-7-14,"3,790.38","3,763.99","3,796.41","3,721.56",-,-0.30%
2022-7-15,"3,863.16","3,818.00","3,863.62","3,817.18",-,1.92%
2022-7-18,"3,830.85","3,883.79","3,902.44","3,818.63",-,-0.84%
2022-7-19,"3,936.69","3,860.73","3,939.81","3,860.73",-,2.76%
2022-7-20,"3,959.90","3,935.32","3,974.13","3,922.03",-,0.59%
2022-7-21,"3,998.95","3,955.47","3,999.29","3,927.64",-,0.99%
2022-7-22,"3,961.63","3,998.43","4,012.44","3,938.86",-,-0.93%
2022-7-25,"3,966.84","3,965.72","3,975.30","3,943.46",-,0.13%
2022-7-26,"3,921.05","3,953.22","3,953.22","3,910.74",-,-1.15%
2022-7-27,"4,023.61","3,951.43","4,039.56","3,951.43",-,2.62%
2022-7-28,"4,072.43","4,026.13","4,078.95","3,992.97",-,1.21%
2022-7-29,"4,130.29","4,087.33","4,140.15","4,079.22",-,1.42%
2022-8-1,"4,118.63","4,112.38","4,144.95","4,096.02",-,-0.28%
2022-8-2,"4,091.19","4,104.21","4,140.47","4,079.81",-,-0.67%
2022-8-3,"4,155.17","4,107.96","4,167.66","4,107.96",-,1.56%
2022-8-4,"4,151.94","4,154.85","4,161.29","4,135.42",-,-0.08%
2022-8-5,"4,145.19","4,115.87","4,151.58","4,107.31",-,-0.16%
2022-8-8,"4,140.06","4,155.93","4,186.62","4,128.97",-,-0.12%
2022-8-9,"4,122.47","4,133.11","4,137.30","4,112.09",-,-0.42%
2022-8-10,"4,210.24","4,181.02","4,211.03","4,177.26",-,2.13%
2022-8-11,"4,207.27","4,227.40","4,257.91","4,201.41",-,-0.07%
2022-8-12,"4,280.15","4,225.02","4,280.47","4,219.78",-,1.73%
2022-8-15,"4,297.14","4,269.37","4,301.79","4,256.90",-,0.40%
2022-8-16,"4,305.20","4,290.46","4,325.28","4,277.77",-,0.19%
2022-8-17,"4,274.04","4,280.40","4,302.18","4,253.08",-,-0.72%
2022-8-18,"4,283.74","4,273.13","4,292.53","4,261.98",-,0.23%
2022-8-19,"4,228.48","4,266.31","4,266.31","4,218.70",-,-1.29%
2022-8-22,"4,137.99","4,195.08","4,195.08","4,129.86",-,-2.14%
2022-8-23,"4,128.73","4,133.09","4,159.77","4,124.03",-,-0.22%
2022-8-24,"4,140.77","4,126.55","4,156.56","4,119.97",-,0.29%
2022-8-25,"4,199.12","4,153.26","4,200.54","4,147.59",-,1.41%
2022-8-26,"4,057.66","4,198.74","4,203.04","4,057.66",-,-3.37%
2022-8-29,"4,030.61","4,034.58","4,062.99","4,017.42",-,-0.67%
2022-8-30,"3,986.16","4,041.25","4,044.98","3,965.21",-,-1.10%
2022-8-31,"3,955.00","4,000.67","4,015.37","3,954.53",-,-0.78%
2022-9-1,"3,966.85","3,936.73","3,970.23","3,903.65",-,0.30%
2022-9-2,"3,924.26","3,994.66","4,018.43","3,906.21",-,-1.07%
2022-9-6,"3,908.19","3,930.89","3,942.55","3,886.75",-,-0.41%
2022-9-7,"3,979.87","3,909.43","3,987.89","3,906.03",-,1.83%
2022-9-8,"4,006.18","3,959.94","4,010.50","3,944.81",-,0.66%
2022-9-9,"4,067.36","4,022.94","4,076.81","4,022.94",-,1.53%
2022-9-12,"4,110.41","4,083.67","4,119.28","4,083.67",-,1.06%
2022-9-13,"3,932.69","4,037.12","4,037.12","3,921.28",-,-4.32%
2022-9-14,"3,946.01","3,940.73","3,961.94","3,912.18",-,0.34%
2022-9-15,"3,901.35","3,932.41","3,959.14","3,888.28",-,-1.13%
2022-9-16,"3,873.33","3,880.95","3,880.95","3,837.08",-,-0.72%
2022-9-19,"3,899.89","3,849.91","3,900.45","3,838.50",-,0.69%
2022-9-20,"3,855.93","3,875.23","3,876.01","3,827.54",-,-1.13%
2022-9-21,"3,789.93","3,871.40","3,907.07","3,789.49",-,-1.71%
2022-9-22,"3,757.99","3,782.36","3,790.90","3,749.45",-,-0.84%
2022-9-23,"3,693.23","3,727.14","3,727.14","3,647.47",-,-1.72%
2022-9-26,"3,655.04","3,682.72","3,715.67","3,644.76",-,-1.03%
2022-9-27,"3,647.29","3,686.44","3,717.53","3,623.29",-,-0.21%
2022-9-28,"3,719.04","3,651.94","3,736.74","3,640.61",-,1.97%
2022-9-29,"3,640.47","3,687.01","3,687.01","3,610.40",-,-2.11%
2022-9-30,"3,585.62","3,633.48","3,671.44","3,584.13",-,-1.51%
2022-10-3,"3,678.43","3,609.78","3,698.35","3,604.93",-,2.59%
2022-10-4,"3,790.93","3,726.46","3,791.92","3,726.46",-,3.06%
2022-10-5,"3,783.28","3,753.25","3,806.91","3,722.66",-,-0.20%
2022-10-6,"3,744.52","3,771.97","3,797.93","3,739.22",-,-1.02%
2022-10-7,"3,639.66","3,706.74","3,706.74","3,620.73",-,-2.80%
2022-10-10,"3,612.39","3,647.51","3,652.17","3,588.10",-,-0.75%
2022-10-11,"3,588.84","3,595.86","3,640.66","3,568.45",-,-0.65%
2022-10-12,"3,577.03","3,590.83","3,608.34","3,573.86",-,-0.33%
2022-10-13,"3,669.91","3,520.37","3,685.41","3,491.58",-,2.60%
2022-10-14,"3,583.07","3,690.41","3,712.00","3,579.68",-,-2.37%
2022-10-17,"3,677.95","3,638.65","3,689.73","3,638.65",-,2.65%
2022-10-18,"3,719.98","3,746.26","3,762.79","3,686.53",-,1.14%
2022-10-19,"3,695.16","3,703.11","3,728.58","3,666.51",-,-0.67%
2022-10-20,"3,665.78","3,689.05","3,736.00","3,656.44",-,-0.80%
2022-10-21,"3,752.75","3,657.10","3,757.89","3,647.42",-,2.37%
2022-10-24,"3,797.34","3,762.01","3,810.74","3,741.65",-,1.19%
2022-10-25,"3,859.11","3,799.44","3,862.85","3,799.44",-,1.63%
2022-10-26,"3,830.60","3,825.97","3,886.15","3,824.07",-,-0.74%
2022-10-27,"3,807.30","3,834.69","3,859.95","3,803.79",-,-0.61%
2022-10-28,"3,901.06","3,808.26","3,905.42","3,808.26",-,2.46%
2022-10-31,"3,871.98","3,881.85","3,893.73","3,863.18",-,-0.75%
2022-11-1,"3,856.10","3,901.79","3,911.79","3,843.80",-,-0.41%
2022-11-2,"3,759.69","3,852.90","3,894.44","3,758.68",-,-2.50%
2022-11-3,"3,719.89","3,733.25","3,750.59","3,698.15",-,-1.06%
2022-11-4,"3,770.55","3,766.98","3,796.34","3,708.84",-,1.36%
2022-11-7,"3,806.80","3,780.71","3,813.95","3,764.70",-,0.96%
2022-11-8,"3,828.11","3,817.02","3,859.40","3,786.28",-,0.56%
2022-11-9,"3,748.57","3,810.94","3,818.20","3,744.22",-,-2.08%
2022-11-10,"3,956.37","3,859.89","3,958.33","3,859.89",-,5.54%
2022-11-11,"3,992.93","3,963.72","4,001.48","3,944.82",-,0.92%
2022-11-14,"3,957.25","3,977.97","4,008.97","3,956.40",-,-0.89%
2022-11-15,"3,991.73","4,006.41","4,028.84","3,953.17",-,0.87%
2022-11-16,"3,958.79","3,976.82","3,983.09","3,954.34",-,-0.83%
2022-11-17,"3,946.56","3,919.26","3,954.33","3,906.54",-,-0.31%
2022-11-18,"3,965.34","3,966.39","3,979.89","3,935.98",-,0.48%
2022-11-21,"3,949.94","3,956.23","3,962.00","3,933.34",-,-0.39%
2022-11-22,"4,003.58","3,965.51","4,005.88","3,956.88",-,1.36%
2022-11-23,"4,027.26","4,000.30","4,033.78","3,998.66",-,0.59%
2022-11-25,"4,026.12","4,023.34","4,034.02","4,020.76",-,-0.03%
2022-11-28,"3,963.94","4,005.36","4,012.27","3,955.77",-,-1.54%
2022-11-29,"3,957.63","3,964.19","3,976.77","3,937.65",-,-0.16%
2022-11-30,"4,080.11","3,957.18","4,080.11","3,938.58",-,3.09%
2022-12-1,"4,076.57","4,087.14","4,100.51","4,050.87",-,-0.09%
2022-12-2,"4,071.70","4,040.17","4,080.48","4,026.63",-,-0.12%
2022-12-5,"3,998.84","4,052.02","4,052.45","3,984.49",-,-1.79%
2022-12-6,"3,941.26","3,996.63","4,001.51","3,918.39",-,-1.44%
2022-12-7,"3,933.92","3,933.28","3,957.57","3,922.68",-,-0.19%
2022-12-8,"3,963.51","3,947.79","3,974.19","3,935.83",-,0.75%
2022-12-9,"3,934.38","3,954.17","3,977.02","3,933.04",-,-0.73%
2022-12-12,"3,990.56","3,939.29","3,990.71","3,935.30",-,1.43%
2022-12-13,"4,019.65","4,069.38","4,100.96","3,993.03",-,0.73%
2022-12-14,"3,995.32","4,015.54","4,053.76","3,965.65",-,-0.61%
2022-12-15,"3,895.75","3,958.37","3,958.37","3,879.45",-,-2.49%
2022-12-16,"3,852.36","3,890.91","3,890.91","3,827.91",-,-1.11%
2022-12-19,"3,817.66","3,853.79","3,854.86","3,800.04",-,-0.90%
2022-12-20,"3,821.62","3,810.47","3,838.24","3,795.62",-,0.10%
2022-12-21,"3,878.44","3,839.49","3,889.82","3,839.49",-,1.49%
2022-12-22,"3,822.39","3,853.26","3,853.26","3,764.49",-,-1.45%
2022-12-23,"3,844.82","3,815.11","3,845.80","3,797.01",-,0.59%
2022-12-27,"3,829.25","3,843.34","3,846.65","3,813.22",-,-0.40%
2022-12-28,"3,783.22","3,829.56","3,848.32","3,780.78",-,-1.20%
2022-12-29,"3,849.28","3,805.45","3,858.19","3,805.45",-,1.75%
2022-12-30,"3,839.50","3,829.06","3,839.85","3,800.34",-,-0.25%
2023-1-3,"3,824.14","3,853.29","3,878.46","3,794.33",-,-0.40%
2023-1-4,"3,852.97","3,840.36","3,873.16","3,815.77",-,0.75%
2023-1-5,"3,808.10","3,839.74","3,839.74","3,802.42",-,-1.16%
2023-1-6,"3,895.08","3,823.37","3,906.19","3,809.56",-,2.28%
2023-1-9,"3,892.09","3,910.82","3,950.57","3,890.42",-,-0.08%
2023-1-10,"3,919.25","3,888.57","3,919.83","3,877.29",-,0.70%
2023-1-11,"3,969.61","3,932.35","3,970.07","3,928.54",-,1.28%
2023-1-12,"3,983.17","3,977.57","3,997.76","3,937.56",-,0.34%
2023-1-13,"3,999.09","3,960.60","4,003.95","3,947.67",-,0.40%
2023-1-17,"3,990.97","3,999.28","4,015.39","3,984.57",-,-0.20%
2023-1-18,"3,928.86","4,002.25","4,014.16","3,926.59",-,-1.56%
2023-1-19,"3,898.85","3,911.84","3,922.94","3,885.54",-,-0.76%
2023-1-20,"3,972.61","3,909.04","3,972.96","3,897.86",-,1.89%
2023-1-23,"4,019.81","3,978.14","4,039.31","3,971.64",-,1.19%
2023-1-24,"4,016.95","4,001.74","4,023.92","3,989.79",-,-0.07%
2023-1-25,"4,016.22","3,982.71","4,019.55","3,949.06",-,-0.02%
2023-1-26,"4,060.43","4,036.08","4,061.57","4,013.29",-,1.10%
2023-1-27,"4,070.56","4,053.72","4,094.21","4,048.70",-,0.25%
2023-1-30,"4,017.77","4,049.27","4,063.85","4,015.55",-,-1.30%
2023-1-31,"4,076.60","4,020.85","4,077.16","4,020.44",-,1.46%
2023-2-1,"4,119.21","4,070.07","4,148.95","4,037.20",-,1.05%
2023-2-2,"4,179.76","4,158.68","4,195.44","4,141.88",-,1.47%
2023-2-3,"4,136.48","4,136.69","4,182.36","4,123.36",-,-1.04%
2023-2-6,"4,111.08","4,119.57","4,124.63","4,093.38",-,-0.61%
2023-2-7,"4,164.00","4,105.35","4,176.54","4,088.39",-,1.29%
2023-2-8,"4,117.86","4,153.47","4,156.85","4,111.67",-,-1.11%
2023-2-9,"4,081.50","4,144.25","4,156.23","4,069.67",-,-0.88%
2023-2-10,"4,090.46","4,068.92","4,094.36","4,060.79",-,0.22%
2023-2-13,"4,137.29","4,096.62","4,138.90","4,092.67",-,1.14%
2023-2-14,"4,136.13","4,126.70","4,159.77","4,095.01",-,-0.03%
2023-2-15,"4,147.60","4,119.50","4,148.11","4,103.98",-,0.28%
2023-2-16,"4,090.41","4,114.75","4,136.54","4,089.49",-,-1.38%
2023-2-17,"4,079.09","4,077.39","4,081.51","4,047.95",-,-0.28%
2023-2-21,"3,997.34","4,052.35","4,052.35","3,995.19",-,-2.00%
2023-2-22,"3,991.05","4,001.83","4,017.37","3,976.90",-,-0.16%
2023-2-23,"4,012.32","4,018.60","4,028.30","3,969.19",-,0.53%
2023-2-24,"3,970.04","3,973.24","3,978.25","3,943.08",-,-1.05%
2023-2-27,"3,982.24","3,992.36","4,018.05","3,973.55",-,0.31%
2023-2-28,"3,970.15","3,977.19","3,997.50","3,968.98",-,-0.30%
2023-3-1,"3,951.39","3,963.34","3,971.73","3,939.05",-,-0.47%
2023-3-2,"3,981.35","3,938.68","3,990.84","3,928.16",-,0.76%
2023-3-3,"4,045.64","3,998.02","4,048.29","3,995.17",-,1.61%
2023-3-6,"4,048.42","4,055.15","4,078.49","4,044.61",-,0.07%
2023-3-7,"3,986.37","4,048.26","4,050.00","3,980.31",-,-1.53%
2023-3-8,"3,992.01","3,987.55","4,000.41","3,969.76",-,0.14%
2023-3-9,"3,918.32","3,998.66","4,017.81","3,908.70",-,-1.85%
2023-3-10,"3,861.59","3,912.77","3,934.05","3,846.32",-,-1.45%
2023-3-13,"3,855.76","3,835.12","3,905.05","3,808.86",-,-0.15%
2023-3-14,"3,919.29","3,894.01","3,937.29","3,873.63",-,1.65%
2023-3-15,"3,891.93","3,876.74","3,894.26","3,838.24",-,-0.70%
2023-3-16,"3,960.28","3,878.93","3,964.46","3,864.11",-,1.76%
2023-3-17,"3,916.64","3,958.69","3,958.91","3,901.27",-,-1.10%
2023-3-20,"3,951.57","3,917.47","3,956.62","3,916.89",-,0.89%
2023-3-21,"4,002.87","3,975.89","4,009.08","3,971.19",-,1.30%
